{
  "author": "Nayan",
  "autoRestart": true,
  "accpetPending": false,
  "developermode": false,
  "language": "en",
  "notification": false,
  "approval": false,
  "saveState": true,
  "banMsg": false,
  "adminOnlyMsg": false,
  "BOTNAME": "dragon-botnet",
  "PREFIX": "!",
  "OPERATOR": [
    "",
    "61558095808001"
  ],
  "ADMINBOT": [
    "61558095808001",
    ""
  ],
  "OWNER": ["100000959749712"], 
  "APPROVED": [],
  "disabledcmds": [],
  "disabledevents": [],
  "note": "make sure that the bot name you entered is all lowercase",
  "notice": "dont cng author name and owner uid. otherwise bot not working",
  "notice2": "if you run use email and password, use saveState false; otherwise, use saveState true"
}
