[
    {
        "key": "dbln",
        "value": "%7B%2261550649841881%22%3A%22cRcT5izj%22%7D",
        "domain": "facebook.com",
        "path": "/login/device-based/",
        "hostOnly": false,
        "creation": "2024-11-04T18:32:21.082Z",
        "lastAccessed": "2024-11-04T18:32:21.082Z"
    },
    {
        "key": "datr",
        "value": "KcdVZtcKqQcxv6KWTeyi8UNj",
        "domain": "facebook.com",
        "path": "/",
        "hostOnly": false,
        "creation": "2024-11-04T18:32:21.082Z",
        "lastAccessed": "2024-11-04T18:32:21.082Z"
    },
    {
        "key": "sb",
        "value": "KcdVZgzXKY-2ZGfoYkRgoTqW",
        "domain": "facebook.com",
        "path": "/",
        "hostOnly": false,
        "creation": "2024-11-04T18:32:21.082Z",
        "lastAccessed": "2024-11-04T18:32:21.082Z"
    },
    {
        "key": "ps_l",
        "value": "1",
        "domain": "facebook.com",
        "path": "/",
        "hostOnly": false,
        "creation": "2024-11-04T18:32:21.082Z",
        "lastAccessed": "2024-11-04T18:32:21.082Z"
    },
    {
        "key": "ps_n",
        "value": "1",
        "domain": "facebook.com",
        "path": "/",
        "hostOnly": false,
        "creation": "2024-11-04T18:32:21.082Z",
        "lastAccessed": "2024-11-04T18:32:21.082Z"
    },
    {
        "key": "locale",
        "value": "en_US",
        "domain": "facebook.com",
        "path": "/",
        "hostOnly": false,
        "creation": "2024-11-04T18:32:21.082Z",
        "lastAccessed": "2024-11-04T18:32:21.082Z"
    },
    {
        "key": "vpd",
        "value": "v1%3B936x480x1.2753221988677979",
        "domain": "facebook.com",
        "path": "/",
        "hostOnly": false,
        "creation": "2024-11-04T18:32:21.082Z",
        "lastAccessed": "2024-11-04T18:32:21.082Z"
    },
    {
        "key": "dpr",
        "value": "1.2753221988677979",
        "domain": "facebook.com",
        "path": "/",
        "hostOnly": false,
        "creation": "2024-11-04T18:32:21.082Z",
        "lastAccessed": "2024-11-04T18:32:21.082Z"
    },
    {
        "key": "c_user",
        "value": "61558849274899",
        "domain": "facebook.com",
        "path": "/",
        "hostOnly": false,
        "creation": "2024-11-04T18:32:21.082Z",
        "lastAccessed": "2024-11-04T18:32:21.082Z"
    },
    {
        "key": "fr",
        "value": "0szMdY9FVgK3BxWBF.AWXFtiK5D46ti9dPWrBUwyTZbsU.Bm-tPL..AAA.0.0.BnJ7nX.AWXjS8rccaI",
        "domain": "facebook.com",
        "path": "/",
        "hostOnly": false,
        "creation": "2024-11-04T18:32:21.082Z",
        "lastAccessed": "2024-11-04T18:32:21.082Z"
    },
    {
        "key": "xs",
        "value": "28%3A7dcK7AKDkhhGrA%3A2%3A1730656727%3A-1%3A9796",
        "domain": "facebook.com",
        "path": "/",
        "hostOnly": false,
        "creation": "2024-11-04T18:32:21.082Z",
        "lastAccessed": "2024-11-04T18:32:21.082Z"
    },
    {
        "key": "wd",
        "value": "564x1101",
        "domain": "facebook.com",
        "path": "/",
        "hostOnly": false,
        "creation": "2024-11-04T18:32:21.082Z",
        "lastAccessed": "2024-11-04T18:32:21.082Z"
    },
    {
        "key": "fbl_st",
        "value": "100428566%3BT%3A28845751",
        "domain": "facebook.com",
        "path": "/",
        "hostOnly": false,
        "creation": "2024-11-04T18:32:21.082Z",
        "lastAccessed": "2024-11-04T18:32:21.082Z"
    },
    {
        "key": "wl_cbv",
        "value": "v2%3Bclient_version%3A2663%3Btimestamp%3A1730745090",
        "domain": "facebook.com",
        "path": "/",
        "hostOnly": false,
        "creation": "2024-11-04T18:32:21.082Z",
        "lastAccessed": "2024-11-04T18:32:21.082Z"
    }
]